Assembly	species
GCF_011750605.1_ASM1175060v1	Drosophila busckii
GCF_001277935.1_ASM127793v1	Drosophila busckii
GCA_001014355.1_ASM101435v1	Drosophila busckii
GCA_018903735.1_ASM1890373v1	Drosophila cardini
GCA_018151165.1_ASM1815116v1	Drosophila arawakana
GCA_018152125.1_ASM1815212v1	Drosophila dunni
GCA_018150935.1_ASM1815093v1	Drosophila pruinosa
GCA_018901825.1_ASM1890182v1	Drosophila funebris
GCF_018153295.1_ASM1815329v1	Drosophila grimshawi
GCF_000005155.2_dgri_caf1	Drosophila grimshawi
GCA_018904325.1_ASM1890432v1	Drosophila murphyi
GCA_018904355.1_ASM1890435v1	Drosophila sproati
GCA_021223945.1_ASM2122394v1	Drosophila rubida
GCA_021223785.1_ASM2122378v1	Drosophila immigrans
GCA_018153375.1_ASM1815337v1	Drosophila immigrans
GCA_018152165.1_ASM1815216v1	Drosophila immigrans
GCA_019972415.1_D_albomicans_1.0	Drosophila albomicans
GCA_016746445.1_UOM_Dnalb_Oki_v1	Drosophila albomicans
GCF_009650485.1_drosAlbom15112-1751.03v1	Drosophila albomicans
GCA_000298335.1_DroAlb_1.0	Drosophila albomicans
GCA_001014995.1_ASM101499v1	Drosophila albomicans
GCA_019972355.1_D_kohkoa_1.0	Drosophila kohkoa
GCA_019969175.1_DnC3_UoM_v1	Drosophila nasuta
GCA_019972435.1_D_nasuta_1.0	Drosophila nasuta
GCA_016747895.2_UoM_Dnnas_Coorg_v2	Drosophila nasuta
GCA_018153855.1_DnFC1_UoM_v1	Drosophila nasuta
GCA_018144315.1_DnC9_UoM_v1	Drosophila nasuta
GCA_018142975.1_DnC2_UoM_v1	Drosophila nasuta
GCA_017165715.1_DnONT_UoM_v1	Drosophila nasuta
GCA_016747895.1_UOM_Dnnas_Coorg_v1	Drosophila nasuta
GCA_002222885.1_ASM222288v1	Drosophila nasuta
GCA_005889595.1_DR_NNAS_KL_v1	Drosophila neonasuta
GCA_021223965.1_ASM2122396v1	Drosophila sulfurigaster
GCA_018150725.1_ASM1815072v1	Drosophila quadrilineata
GCA_004143785.1_ASM414378v1	Drosophila melanica
GCA_004143765.1_ASM414376v1	Drosophila melanica
GCA_004143905.1_ASM414390v1	Drosophila micromelanica
GCA_004143825.1_ASM414382v1	Drosophila micromelanica
GCA_004149465.1_ASM414946v1	Drosophila nigromelanica
GCA_004149445.1_ASM414944v1	Drosophila nigromelanica
GCA_020883555.1_orgogozo-p-161206-1	Drosophila nannoptera
GCA_020883565.1_orgogozo-p-171030-0	Drosophila pachea
GCA_004354385.2_ASM435438v2	Drosophila innubila
GCF_004354385.1_UK_Dinn_1.0	Drosophila innubila
GCF_003285905.1_DhydRS2	Drosophila hydei
GCA_003285905.1_DhydRS1	Drosophila hydei
GCF_002780465.1_ASM278046v1	Drosophila hydei
GCF_001654025.1_ASM165402v1	Drosophila arizonae
GCF_018153725.1_ASM1815372v1	Drosophila mojavensis
GCF_000005175.2_dmoj_caf1	Drosophila mojavensis
GCF_001654015.2_UFRJ_Dnav_4.2	Drosophila navojoa
GCF_001654015.1_ASM165401v1	Drosophila navojoa
GCA_018903745.1_ASM1890374v1	Drosophila repleta
GCA_004143865.1_ASM414386v1	Drosophila lacertosa
GCA_004143845.1_ASM414384v1	Drosophila lacertosa
GCA_004143875.1_ASM414387v1	Drosophila robusta
GCA_004143805.1_ASM414380v1	Drosophila robusta
GCA_018150835.1_ASM1815083v1	Drosophila repletoides
GCA_019972395.1_D_americana_1.0	Drosophila americana
GCA_019972375.1_D_texana_1.0	Drosophila americana
GCA_018152915.1_ASM1815291v1	Drosophila americana
GCA_900465395.1_ASM90046539v1	Drosophila americana
GCA_001245395.1_D._americana_H5_strain_genome_assembly	Drosophila americana
GCA_001245305.1_D._americana_W11_strain_genome_assembly	Drosophila americana
GCA_018903485.1_ASM1890348v1	Drosophila littoralis
GCA_003086615.1_ASM308661v1	Drosophila montana
GCA_019972335.1_D_novamexicana_1.0	Drosophila novamexicana
GCA_900465405.1_ASM90046540v1	Drosophila novamexicana
GCF_003285875.2_DnovRS2.1	Drosophila novamexicana
GCA_003285875.2_DnovRS2	Drosophila novamexicana
GCA_003285875.1_DnovRS1	Drosophila novamexicana
GCA_018153695.1_ASM1815369v1	Drosophila virilis
GCA_016920725.1_Dvir_9	Drosophila virilis
GCA_007989325.2_ASM798932v2	Drosophila virilis
GCA_007989325.1_vir160	Drosophila virilis
GCF_003285735.1_DvirRS2	Drosophila virilis
GCA_003285735.1_DvirRS1	Drosophila virilis
GCA_000004125.1_ASM412v1	Drosophila virilis
GCF_000005245.1_dvir_caf1	Drosophila virilis
GCF_017639315.1_ASM1763931v2	Drosophila ananassae
GCA_018148915.1_ASM1814891v1	Drosophila ananassae
GCA_017639315.1_ASM1763931v1	Drosophila ananassae
GCF_003285975.2_DanaRS2.1	Drosophila ananassae
GCA_003285975.2_DanaRS2	Drosophila ananassae
GCA_003285975.1_DanaRS1	Drosophila ananassae
GCF_000005115.1_dana_caf1	Drosophila ananassae
GCA_021223765.1_ASM2122376v1	Drosophila bipectinata
GCF_018153845.1_ASM1815384v1	Drosophila bipectinata
GCA_002222825.1_ASM222282v1	Drosophila bipectinata
GCF_000236285.1_Dbip_2.0	Drosophila bipectinata
GCA_018150545.1_ASM1815054v1	Drosophila ercepeae
GCA_021223825.1_ASM2122382v1	Drosophila ironensis
GCA_018153275.1_ASM1815327v1	Drosophila malerkotliana
GCA_018153235.1_ASM1815323v1	Drosophila malerkotliana
GCA_021223865.1_ASM2122386v1	Drosophila pandora
GCA_018153455.1_ASM1815345v1	Drosophila parabipectinata
GCA_021223845.1_ASM2122384v1	Drosophila pseudoananassae
GCA_018153145.1_ASM1815314v1	Drosophila pseudoananassae
GCA_018153035.1_ASM1815303v1	Drosophila pseudoananassae
GCA_018150405.1_ASM1815040v1	Drosophila varians
GCF_018152505.1_ASM1815250v1	Drosophila elegans
GCA_011057505.1_D.elegans_HK_3.0	Drosophila elegans
GCF_000224195.1_Dele_2.0	Drosophila elegans
GCA_011057485.1_D_gunungcola_WGS_1.0	Drosophila gunungcola
GCF_018153835.1_ASM1815383v1	Drosophila eugracilis
GCF_000236325.1_Deug_2.0	Drosophila eugracilis
GCF_018152265.1_ASM1815226v1	Drosophila ficusphila
GCF_000220665.1_Dfic_2.0	Drosophila ficusphila
GCA_018904525.1_ASM1890452v1	Drosophila erecta
GCF_003286155.1_DereRS2	Drosophila erecta
GCA_003286155.1_DereRS1	Drosophila erecta
GCF_000005135.1_dere_caf1	Drosophila erecta
GCA_018904475.1_ASM1890447v1	Drosophila mauritiana
GCF_004382145.1_ASM438214v1	Drosophila mauritiana
GCA_927718685.1_dmsj7_genome_assembly	Drosophila melanogaster
GCA_927717585.1_dmgoth101_genome_assembly	Drosophila melanogaster
GCA_927718715.1_dmsj23_genome_assembly	Drosophila melanogaster
GCA_927720205.1_dmgoth63_genome_assembly	Drosophila melanogaster
GCA_020169495.1_ASM2016949v1	Drosophila melanogaster
GCA_020141985.1_ASM2014198v1	Drosophila melanogaster
GCA_020142045.1_ASM2014204v1	Drosophila melanogaster
GCA_020142105.1_ASM2014210v1	Drosophila melanogaster
GCA_020142085.1_ASM2014208v1	Drosophila melanogaster
GCA_020142055.1_ASM2014205v1	Drosophila melanogaster
GCA_020142025.1_ASM2014202v1	Drosophila melanogaster
GCA_020142005.1_ASM2014200v1	Drosophila melanogaster
GCA_020141955.1_ASM2014195v1	Drosophila melanogaster
GCA_020141935.1_ASM2014193v1	Drosophila melanogaster
GCA_020141875.1_ASM2014187v1	Drosophila melanogaster
GCA_020141925.1_ASM2014192v1	Drosophila melanogaster
GCA_020141815.1_ASM2014181v1	Drosophila melanogaster
GCA_020141835.1_ASM2014183v1	Drosophila melanogaster
GCA_020141855.1_ASM2014185v1	Drosophila melanogaster
GCA_020141845.1_ASM2014184v1	Drosophila melanogaster
GCA_020141765.1_ASM2014176v1	Drosophila melanogaster
GCA_020141795.1_ASM2014179v1	Drosophila melanogaster
GCA_020141735.1_ASM2014173v1	Drosophila melanogaster
GCA_020141745.1_ASM2014174v1	Drosophila melanogaster
GCA_020141705.1_ASM2014170v1	Drosophila melanogaster
GCA_020141655.1_ASM2014165v1	Drosophila melanogaster
GCA_020141665.1_ASM2014166v1	Drosophila melanogaster
GCA_020141585.1_ASM2014158v1	Drosophila melanogaster
GCA_020141675.1_ASM2014167v1	Drosophila melanogaster
GCA_020141575.1_ASM2014157v1	Drosophila melanogaster
GCA_020141625.1_ASM2014162v1	Drosophila melanogaster
GCA_020141595.1_ASM2014159v1	Drosophila melanogaster
GCA_020141515.1_ASM2014151v1	Drosophila melanogaster
GCA_020141495.1_ASM2014149v1	Drosophila melanogaster
GCA_020141505.1_ASM2014150v1	Drosophila melanogaster
GCA_020141485.1_ASM2014148v1	Drosophila melanogaster
GCA_018904365.1_ASM1890436v1	Drosophila melanogaster
GCA_015852585.1_ASM1585258v1	Drosophila melanogaster
GCA_015832445.1_ASM1583244v1	Drosophila melanogaster
GCA_012273825.1_UCSC_dm_H3	Drosophila melanogaster
GCA_009869825.1_ASM986982v1	Drosophila melanogaster
GCA_004798075.2_ASM479807v2	Drosophila melanogaster
GCA_004798055.1_DGRP379	Drosophila melanogaster
GCA_004798075.1_DGRP732	Drosophila melanogaster
GCA_003397115.2_ASM339711v2	Drosophila melanogaster
GCA_003402005.1_ASM340200v1	Drosophila melanogaster
GCA_003401975.1_ASM340197v1	Drosophila melanogaster
GCA_003401925.1_ASM340192v1	Drosophila melanogaster
GCA_003401915.1_ASM340191v1	Drosophila melanogaster
GCA_003401885.1_ASM340188v1	Drosophila melanogaster
GCA_003401855.1_ASM340185v1	Drosophila melanogaster
GCA_003401805.1_ASM340180v1	Drosophila melanogaster
GCA_003401795.1_ASM340179v1	Drosophila melanogaster
GCA_003401745.1_ASM340174v1	Drosophila melanogaster
GCA_003401735.1_ASM340173v1	Drosophila melanogaster
GCA_003402015.1_ASM340201v1	Drosophila melanogaster
GCA_003402055.1_ASM340205v1	Drosophila melanogaster
GCA_003401685.1_ASM340168v1	Drosophila melanogaster
GCA_003397115.1_ASM339711v1	Drosophila melanogaster
GCA_002310775.1_ASM231077v1	Drosophila melanogaster
GCA_002310755.1_ASM231075v1	Drosophila melanogaster
GCA_002300595.1_Dmel_A4_1.0	Drosophila melanogaster
GCA_002050065.1_CA_8.1_PBcR	Drosophila melanogaster
GCA_001014345.1_ASM101434v1	Drosophila melanogaster
GCA_000778455.1_CA_8.2_MHAP	Drosophila melanogaster
GCF_000001215.4_Release_6_plus_ISO1_MT	Drosophila melanogaster
GCA_000705575.1_D._melanogaster_TruSeq_synthetic_long-read_assembly	Drosophila melanogaster
GCA_005876975.1_DoreRS1	Drosophila orena
GCF_016746245.2_Prin_Dsan_1.1	Drosophila santomea
GCF_016746245.1_Prin_Dsan_1.0	Drosophila santomea
GCA_018904445.1_ASM1890444v1	Drosophila sechellia
GCF_004382195.1_ASM438219v1	Drosophila sechellia
GCF_000005215.3_dsec_caf1	Drosophila sechellia
GCA_000525085.1_Dsim_referenceExtra	Drosophila sechellia
GCA_927717595.1_dsgoth31_genome_assembly	Drosophila simulans
GCA_927718705.1_dssj9_genome_assembly	Drosophila simulans
GCA_927717605.1_dsgoth613_genome_assembly	Drosophila simulans
GCA_927718675.1_dssj27_genome_assembly	Drosophila simulans
GCF_016746395.2_Prin_Dsim_3.1	Drosophila simulans
GCA_018904415.1_ASM1890441v1	Drosophila simulans
GCF_016746395.1_Prin_Dsim_3.0	Drosophila simulans
GCA_004382185.1_ASM438218v1	Drosophila simulans
GCF_000754195.2_ASM75419v2	Drosophila simulans
GCA_000259045.1_ASM25904v1	Drosophila simulans
GCF_000259055.1_dsim_caf1	Drosophila simulans
GCA_000820565.1_M252	Drosophila simulans
GCA_000180975.1_ASM18097v1	Drosophila simulans
GCA_000180955.1_ASM18095v1	Drosophila simulans
GCA_000180935.1_ASM18093v1	Drosophila simulans
GCA_000180915.1_ASM18091v1	Drosophila simulans
GCA_000180875.1_ASM18087v1	Drosophila simulans
GCA_000180855.1_ASM18085v1	Drosophila simulans
GCF_000754195.1_ASM75419v2	Drosophila simulans
GCA_000754195.1_ASM75419v1	Drosophila simulans
GCA_000525065.1_Dsim_tsimbazaza1.0	Drosophila simulans
GCF_016746235.2_Prin_Dtei_1.1	Drosophila teissieri
GCA_018903635.1_ASM1890363v1	Drosophila teissieri
GCA_018903625.1_ASM1890362v1	Drosophila teissieri
GCA_016746235.1_Prin_Dtei_1.0	Drosophila teissieri
GCA_016746335.2_Prin_Dyak_NY73PB_1.1	Drosophila yakuba
GCF_016746365.2_Prin_Dyak_Tai18E2_2.1	Drosophila yakuba
GCA_018904385.1_ASM1890438v1	Drosophila yakuba
GCA_016746335.1_Prin_Dyak_NY73PB_1.0	Drosophila yakuba
GCF_016746365.1_Prin_Dyak_Tai18E2_2.0	Drosophila yakuba
GCF_000005975.2_dyak_caf1	Drosophila yakuba
GCA_018905855.1_ASM1890585v1	Drosophila anomelani
GCA_008042795.1_UCB_Dasa_1.0	Drosophila asahinai
GCA_018905815.1_ASM1890581v1	Drosophila auraria
GCA_018874775.1_ASM1887477v1	Drosophila auraria
GCA_018874715.1_ASM1887471v1	Drosophila auraria
GCA_018874695.1_ASM1887469v1	Drosophila auraria
GCA_008042615.1_UCB_Daur_1.0	Drosophila auraria
GCA_018874675.1_ASM1887467v1	Drosophila baimaii
GCA_008044335.1_UCB_Dbak_1.0	Drosophila bakoue
GCA_018874595.1_ASM1887459v1	Drosophila barbarae
GCA_021223725.1_ASM2122372v1	Drosophila birchii
GCA_008042755.1_UCB_Dbir_1.0	Drosophila birchii
GCA_018905835.1_ASM1890583v1	Drosophila bocki
GCA_008042715.1_UCB_Dboc_1.0	Drosophila bocki
GCA_018905785.1_ASM1890578v1	Drosophila bocqueti
GCA_018151655.1_ASM1815165v1	Drosophila bocqueti
GCA_021223745.1_ASM2122374v1	Drosophila bunnanda
GCA_008042815.1_UCB_Dbun_1.0	Drosophila bunnanda
GCA_018905735.1_ASM1890573v1	Drosophila burlai
GCA_008042655.1_UCB_Dbur_1.0	Drosophila burlai
GCA_018905695.1_ASM1890569v1	Drosophila chauvacae
GCA_018874655.1_ASM1887465v1	Drosophila diplacantha
GCA_018874535.1_ASM1887453v1	Drosophila fengkainensis
GCA_018874515.1_ASM1887451v1	Drosophila greeni
GCA_021223805.1_ASM2122380v1	Drosophila jambulina
GCA_018152175.1_ASM1815217v1	Drosophila jambulina
GCA_008042695.1_UCB_Djam_1.0	Drosophila jambulina
GCA_008042475.1_UCB_Dkan_1.0	Drosophila kanapiae
GCA_021223915.1_ASM2122391v1	Drosophila kikkawai
GCF_018152535.1_ASM1815253v1	Drosophila kikkawai
GCF_000224215.1_Dkik_2.0	Drosophila kikkawai
GCA_008044355.1_UCB_Dlac_1.0	Drosophila lacteicornis
GCA_008042735.1_UCB_Dleo_1.0	Drosophila leontia
GCA_018905715.1_ASM1890571v1	Drosophila lini
GCA_018874475.1_ASM1887447v1	Drosophila malagassya
GCA_008042485.1_UCB_Dmay_1.0	Drosophila mayri
GCA_008042635.1_UCB_Dnik_1.0	Drosophila nikananu
GCA_018904815.1_ASM1890481v1	Drosophila ogumai
GCA_018905755.1_ASM1890575v1	Drosophila ohnishii
GCA_018904745.1_ASM1890474v1	Drosophila orosa
GCA_018904695.1_ASM1890469v1	Drosophila parvula
GCA_008042775.1_UCB_Dpec_1.0	Drosophila pectinifera
GCA_008042585.1_UCB_Dpun_1.0	Drosophila punjabiensis
GCA_018153105.1_ASM1815310v1	Drosophila rufa
GCA_008044435.1_UCB_Druf_1.0	Drosophila rufa
GCA_008042675.1_UCB_Dseg_1.0	Drosophila seguyi
GCA_021223895.1_ASM2122389v1	Drosophila serrata
GCA_008042835.1_UCB_Dser_1.0	Drosophila serrata
GCF_002093755.1_Dser1.0	Drosophila serrata
GCA_008042535.1_UCB_Dtan_1.0	Drosophila tani
GCA_018874455.1_ASM1887445v1	Drosophila trapezifrons
GCA_018904715.1_ASM1890471v1	Drosophila triauraria
GCA_018874435.1_ASM1887443v1	Drosophila triauraria
GCA_018874415.1_ASM1887441v1	Drosophila triauraria
GCA_018874385.1_ASM1887438v1	Drosophila triauraria
GCA_018874375.1_ASM1887437v1	Drosophila triauraria
GCA_018874315.1_ASM1887431v1	Drosophila triauraria
GCA_018151095.1_ASM1815109v1	Drosophila triauraria
GCA_014170255.2_RU_Dtri_1.1	Drosophila triauraria
GCA_014170255.1_RU_Dtri_1.0	Drosophila triauraria
GCA_008044375.1_UCB_Dtri_1.0	Drosophila triauraria
GCA_008042515.1_UCB_Dtru_1.0	Drosophila truncata
GCA_018904565.1_ASM1890456v1	Drosophila tsacasi
GCA_018874355.1_ASM1887435v1	Drosophila tsacasi
GCA_018874335.1_ASM1887433v1	Drosophila tsacasi
GCA_008042555.1_UCB_Dvul_1.0	Drosophila vulcana
GCA_008042575.1_UCB_Dwat_1.0	Drosophila watanabei
GCA_018152295.1_ASM1815229v1	Drosophila carrolli
GCA_018153365.1_ASM1815336v1	Drosophila fuyamai
GCA_018153305.1_ASM1815330v1	Drosophila kurseongensis
GCF_018152115.1_ASM1815211v1	Drosophila rhopaloa
GCF_000236305.1_Drho_2.0	Drosophila rhopaloa
GCF_018148935.1_ASM1814893v1	Drosophila biarmipes
GCA_005234255.1_D.biarmipes	Drosophila biarmipes
GCA_002222855.1_ASM222285v1	Drosophila biarmipes
GCF_000233415.1_Dbia_2.0	Drosophila biarmipes
GCA_018150695.1_ASM1815069v1	Drosophila oshimai
GCA_018150325.1_ASM1815032v1	Drosophila subpulchrella
GCF_014743375.2_RU_Dsub_v1.1	Drosophila subpulchrella
GCA_014743375.1_RU_Dsub_v1.0	Drosophila subpulchrella
GCF_013340165.1_LBDM_Dsuz_2.1.pri	Drosophila suzukii
GCA_013340185.1_LBDM_Dsuz_2.1.alt	Drosophila suzukii
GCA_000326985.1_ASM32698v1	Drosophila suzukii
GCF_000472105.1_Dsuzukii.v01	Drosophila suzukii
GCA_021223935.1_ASM2122393v1	Drosophila pseudotakahashii
GCF_018152695.1_ASM1815269v1	Drosophila takahashii
GCA_002223445.1_ASM222344v1	Drosophila takahashii
GCF_000224235.1_Dtak_2.0	Drosophila takahashii
GCA_008121225.1_UCBerk_Dath_EA_1.0	Drosophila athabasca
GCA_008121215.1_UCBerk_Dath_EB_1.0	Drosophila athabasca
GCA_003185025.1_ASM318502v1	Drosophila athabasca
GCA_005876895.1_DaztRS1	Drosophila azteca
GCA_018150905.1_ASM1815090v1	Drosophila ambigua
GCA_009664405.1_UCBerk_Dbif_1.0	Drosophila bifasciata
GCF_900245975.1_DGUA_6	Drosophila guanche
GCF_018151105.1_ASM1815110v1	Drosophila obscura
GCF_002217835.1_Dobs_1.0	Drosophila obscura
GCA_018903505.1_ASM1890350v1	Drosophila subobscura
GCA_903684685.1_dsubES12G5	Drosophila subobscura
GCF_008121235.1_UCBerk_Dsub_1.0	Drosophila subobscura
GCA_900682585.1_ASM90068258v1	Drosophila subobscura
GCA_002749795.1_Dsub_1.0	Drosophila subobscura
GCA_018150885.1_ASM1815088v1	Drosophila tristis
GCA_008121275.1_UCBerk_Dlow_1.0	Drosophila lowei
GCF_003369915.1_D.miranda_PacBio2.1	Drosophila miranda
GCA_003369915.1_D.miranda_PacBio2.0	Drosophila miranda
GCF_000269505.1_DroMir_2.2	Drosophila miranda
GCA_001014365.1_ASM101436v1	Drosophila miranda
GCA_020698555.1_M40_MC	Drosophila persimilis
GCA_018904465.1_ASM1890446v1	Drosophila persimilis
GCF_003286085.1_DperRS2	Drosophila persimilis
GCA_003286085.1_DperRS1	Drosophila persimilis
GCF_000005195.2_dper_caf1	Drosophila persimilis
GCA_020698565.1_ST_MC	Drosophila pseudoobscura
GCA_018904455.1_ASM1890445v1	Drosophila pseudoobscura
GCF_009870125.1_UCI_Dpse_MV25	Drosophila pseudoobscura
GCA_009870125.1_UCI_Dpse_MV25	Drosophila pseudoobscura
GCA_004329205.1_UCBerk_Dpse_1.0	Drosophila pseudoobscura
GCA_000001765.3_Dpse_4.0	Drosophila pseudoobscura
GCF_000001765.3_Dpse_3.0	Drosophila pseudoobscura
GCA_001014495.1_ASM101449v1	Drosophila pseudoobscura
GCA_000149495.1_ASM14949v1	Drosophila pseudoobscura
GCA_018903615.1_ASM1890361v1	Drosophila neocordata
GCA_018151275.1_ASM1815127v1	Drosophila prosaltans
GCA_018903575.1_ASM1890357v1	Drosophila saltans
GCA_018150375.1_ASM1815037v1	Drosophila sturtevanti
GCA_021224005.1_ASM2122400v1	Drosophila setifemur
GCA_018150745.1_ASM1815074v1	Drosophila sucinea
GCA_018150345.1_ASM1815034v1	Drosophila equinoxialis
GCA_018903935.1_ASM1890393v1	Drosophila insularis
GCA_018152135.1_ASM1815213v1	Drosophila paulistorum
GCA_018151315.1_ASM1815131v1	Drosophila paulistorum
GCA_018151085.1_ASM1815108v1	Drosophila tropicalis
GCA_018902025.1_UCI_dwil_1.0	Drosophila willistoni
GCA_018903445.1_ASM1890344v1	Drosophila willistoni
GCA_018153465.1_ASM1815346v1	Drosophila willistoni
GCF_000005925.1_dwil_caf1	Drosophila willistoni
